min_samples_split,max_depth,accuracy_score
100.0,10.0,0.80225
100.0,15.0,0.7985
100.0,25.0,0.797333
100.0,50.0,0.797333
100.0,80.0,0.797333
