min_samples_split,max_depth,accuracy_score
1.0,1.0,0.7773333333333333
1.0,2.0,0.7823333333333333
1.0,3.0,0.7839166666666667
1.0,4.0,0.7849166666666667
